{
    "duration (s)": 347.7192327976227,
    "energy (kWh)": 0.007852323408040832,
    "co2eq (g)": 2.3556970224122495,
    "car_emission": [
        [
            0.019565589887144928,
            "km travelled by car"
        ]
    ]
}