{
    "duration (s)": 147.79981017112732,
    "energy (kWh)": 0.003580641115857069,
    "co2eq (g)": 1.0741923347571207,
    "car_emission": [
        [
            0.008921863245491036,
            "km travelled by car"
        ]
    ]
}