{
    "duration (s)": 1081.5488874912262,
    "energy (kWh)": 0.025668543701967184,
    "co2eq (g)": 7.7005631105901555,
    "car_emission": [
        [
            0.06395816537035012,
            "km travelled by car"
        ]
    ]
}