{
    "duration (s)": 288.0929181575775,
    "energy (kWh)": 0.0066047477650610165,
    "co2eq (g)": 1.981424329518305,
    "car_emission": [
        [
            0.016457012703640406,
            "km travelled by car"
        ]
    ]
}