{
    "duration (s)": 288.7944073677063,
    "energy (kWh)": 0.006622802723999381,
    "co2eq (g)": 1.9868408171998142,
    "car_emission": [
        [
            0.016502000142855598,
            "km travelled by car"
        ]
    ]
}