{
    "duration (s)": 148.60797095298767,
    "energy (kWh)": 0.01492577345621574,
    "co2eq (g)": 4.477732036864722,
    "car_emission": [
        [
            0.03719046542246447,
            "km travelled by car"
        ]
    ]
}