{
    "duration (s)": 349.06803846359253,
    "energy (kWh)": 0.03071172567044248,
    "co2eq (g)": 9.213517701132744,
    "car_emission": [
        [
            0.07652423339811248,
            "km travelled by car"
        ]
    ]
}