{
    "duration (s)": 1081.9109754562378,
    "energy (kWh)": 0.10755615574334249,
    "co2eq (g)": 32.26684672300274,
    "car_emission": [
        [
            0.2679970658056706,
            "km travelled by car"
        ]
    ]
}