{
    "duration (s)": 286.7658107280731,
    "energy (kWh)": 0.02792856031874416,
    "co2eq (g)": 8.378568095623248,
    "car_emission": [
        [
            0.06958943601015986,
            "km travelled by car"
        ]
    ]
}