{
    "duration (s)": 290.1223814487457,
    "energy (kWh)": 0.028166764476823883,
    "co2eq (g)": 8.450029343047165,
    "car_emission": [
        [
            0.070182967965508,
            "km travelled by car"
        ]
    ]
}