{
    "duration (s)": 356.0160629749298,
    "energy (kWh)": 0.10394540223676159,
    "co2eq (g)": 31.183620671028475,
    "car_emission": [
        [
            0.259000171686283,
            "km travelled by car"
        ]
    ]
}