{
    "duration (s)": 359.4323983192444,
    "energy (kWh)": 0.10422368585301602,
    "co2eq (g)": 31.267105755904804,
    "car_emission": [
        [
            0.2596935694012027,
            "km travelled by car"
        ]
    ]
}