{
    "duration (s)": 410.1746942996979,
    "energy (kWh)": 0.10954850764667091,
    "co2eq (g)": 32.86455229400127,
    "car_emission": [
        [
            0.2729613977907082,
            "km travelled by car"
        ]
    ]
}