{
    "duration (s)": 36.6078987121582,
    "energy (kWh)": 0.010060586938741033,
    "co2eq (g)": 3.0181760816223098,
    "car_emission": [
        [
            0.025067907654670346,
            "km travelled by car"
        ]
    ]
}