{
    "duration (s)": 1328.0698807239532,
    "energy (kWh)": 0.4113108921190415,
    "co2eq (g)": 123.39326763571245,
    "car_emission": [
        [
            1.024861026874688,
            "km travelled by car"
        ]
    ]
}