{
    "duration (s)": 186.17267560958862,
    "energy (kWh)": 0.05602949115566572,
    "co2eq (g)": 16.808847346699714,
    "car_emission": [
        [
            0.13960836666694115,
            "km travelled by car"
        ]
    ]
}