{
    "duration (s)": 356.00207567214966,
    "energy (kWh)": 0.10545629632609713,
    "co2eq (g)": 31.636888897829138,
    "car_emission": [
        [
            0.2627648579553915,
            "km travelled by car"
        ]
    ]
}