{
    "duration (s)": 337.30014634132385,
    "energy (kWh)": 0.053927039622019717,
    "co2eq (g)": 16.178111886605915,
    "car_emission": [
        [
            0.1343697000548664,
            "km travelled by car"
        ]
    ]
}