{
    "duration (s)": 333.6454803943634,
    "energy (kWh)": 0.05409322715883516,
    "co2eq (g)": 16.227968147650547,
    "car_emission": [
        [
            0.13478378860174872,
            "km travelled by car"
        ]
    ]
}