{
    "duration (s)": 378.1826572418213,
    "energy (kWh)": 0.055989447004274565,
    "co2eq (g)": 16.796834101282368,
    "car_emission": [
        [
            0.13950858888108278,
            "km travelled by car"
        ]
    ]
}