{
    "duration (s)": 174.14787483215332,
    "energy (kWh)": 0.028682821424641028,
    "co2eq (g)": 8.604846427392308,
    "car_emission": [
        [
            0.07146882414777664,
            "km travelled by car"
        ]
    ]
}