{
    "duration (s)": 1232.7065711021423,
    "energy (kWh)": 0.20663304741396932,
    "co2eq (g)": 61.9899142241908,
    "car_emission": [
        [
            0.514866397210887,
            "km travelled by car"
        ]
    ]
}