{
    "duration (s)": 186.55136275291443,
    "energy (kWh)": 0.056384397352151054,
    "co2eq (g)": 16.915319205645318,
    "car_emission": [
        [
            0.1404926844322701,
            "km travelled by car"
        ]
    ]
}