{
    "duration (s)": 361.70623779296875,
    "energy (kWh)": 0.1069549284235818,
    "co2eq (g)": 32.08647852707454,
    "car_emission": [
        [
            0.26649899108865893,
            "km travelled by car"
        ]
    ]
}