{
    "duration (s)": 234.43908143043518,
    "energy (kWh)": 0.015306520390818997,
    "co2eq (g)": 4.591956117245699,
    "car_emission": [
        [
            0.03813917040901743,
            "km travelled by car"
        ]
    ]
}