{
    "duration (s)": 114.22217035293579,
    "energy (kWh)": 0.007799112613866997,
    "co2eq (g)": 2.339733784160099,
    "car_emission": [
        [
            0.019433004851828063,
            "km travelled by car"
        ]
    ]
}