{
    "duration (s)": 824.3484039306641,
    "energy (kWh)": 0.05536436809827659,
    "co2eq (g)": 16.609310429482978,
    "car_emission": [
        [
            0.13795108330135364,
            "km travelled by car"
        ]
    ]
}