{
    "duration (s)": 217.37687635421753,
    "energy (kWh)": 0.014695315726988154,
    "co2eq (g)": 4.408594718096446,
    "car_emission": [
        [
            0.03661623520013659,
            "km travelled by car"
        ]
    ]
}