{
    "duration (s)": 220.71513628959656,
    "energy (kWh)": 0.014948769204757299,
    "co2eq (g)": 4.48463076142719,
    "car_emission": [
        [
            0.03724776379922915,
            "km travelled by car"
        ]
    ]
}