{
    "duration (s)": 525.5941486358643,
    "energy (kWh)": 0.036435088296198764,
    "co2eq (g)": 10.930526488859629,
    "car_emission": [
        [
            0.09078510372807,
            "km travelled by car"
        ]
    ]
}