{
    "duration (s)": 540.1011624336243,
    "energy (kWh)": 0.037287722700274376,
    "co2eq (g)": 11.186316810082312,
    "car_emission": [
        [
            0.09290960805716206,
            "km travelled by car"
        ]
    ]
}