{
    "duration (s)": 280.6963391304016,
    "energy (kWh)": 0.018905475144984724,
    "co2eq (g)": 5.671642543495417,
    "car_emission": [
        [
            0.04710666564364964,
            "km travelled by car"
        ]
    ]
}