{
    "duration (s)": 571.1539351940155,
    "energy (kWh)": 0.03757587349216025,
    "co2eq (g)": 11.272762047648076,
    "car_emission": [
        [
            0.09362759175787438,
            "km travelled by car"
        ]
    ]
}